like1,para,parb,parc,pard,parm,parwmbeta,parwmalpha,chain
0.94732517,0.9875616,0.82999784,0.2313602,0.060341187,0.8555092,0.4,0.85,0.0
0.91907626,0.9875616,0.82999784,0.2313602,0.060341187,0.8555092,0.5,0.85,0.0
0.89331234,0.9875616,0.82999784,0.2313602,0.060341187,0.8555092,0.6,0.85,0.0
0.8765527,0.9875616,0.82999784,0.2313602,0.060341187,0.8555092,0.7,0.85,0.0
0.85581493,0.9875616,0.82999784,0.2313602,0.060341187,0.8555092,0.8,0.85,0.0
0.84031177,0.9875616,0.82999784,0.2313602,0.060341187,0.8555092,0.9,0.85,0.0
0.8271096,0.9875616,0.82999784,0.2313602,0.060341187,0.8555092,1.0,0.85,0.0
