like1,para,parb,parc,pard,parm,parwmbeta,parwmalpha,chain
0.94732517,0.9875616,0.82999784,0.2313602,0.060341187,0.8555092,0.4,0.85,0.0
0.91907626,0.9875616,0.82999784,0.2313602,0.060341187,0.8555092,0.5,0.85,0.0
